{
  "exponential_decay": {
    "median": 0.9532700483461947,
    "std": 0.10405923452553488,
    "values": [
      0.7113051879311747,
      0.9532700483461947,
      0.9796602616656682,
      0.99288868321334,
      0.9458302885539703
    ],
    "explode": 0
  },
  "arrhenius": {
    "median": 0.10247981081000679,
    "std": 0.10970082212920276,
    "values": [
      0.0502593342862061,
      0.10247981081000679,
      0.13793458090147703,
      -0.10234456266183822,
      0.2291188596132674
    ],
    "explode": 0
  },
  "michaelis_menten": {
    "median": -0.28197721307521295,
    "std": 0.1866188900620186,
    "values": [
      -0.009596506848150055,
      -0.28572400289186684,
      -0.20806224558692388,
      -0.28197721307521295,
      -0.5897216056888601
    ],
    "explode": 0
  },
  "cobb_douglas": {
    "median": 0.3586504741814932,
    "std": 0.4679323144055183,
    "values": [
      0.9852132865697141,
      -0.47305072181217267,
      0.2267880457728607,
      0.3586504741814932,
      0.4383366301641226
    ],
    "explode": 0
  },
  "logistic_growth": {
    "median": 0.7633074118505341,
    "std": 0.8230878226519548,
    "values": [
      0.7733258206711091,
      0.7643183688422853,
      0.7633074118505341,
      0.7179470792931993,
      -1.30242855774864
    ],
    "explode": 1
  },
  "power_law": {
    "median": 0.9931562973898451,
    "std": 0.0055497026976773995,
    "values": [
      0.9939077914704989,
      0.9941130922577082,
      0.9931562973898451,
      0.9810672079227545,
      0.9841083874516313
    ],
    "explode": 0
  },
  "competitive_inhibition": {
    "median": 0.8608547527607848,
    "std": 0.24517893286265752,
    "values": [
      0.8608547527607848,
      0.9138885585961376,
      0.8723988808252402,
      0.35027153871872785,
      0.42023974955217813
    ],
    "explode": 0
  },
  "combined_gas_law": {
    "median": 0.5244326139537571,
    "std": 0.2229816018402695,
    "values": [
      0.474208184469588,
      0.04246229931165213,
      0.6845458960102373,
      0.5244326139537571,
      0.6000871828373012
    ],
    "explode": 0
  }
}